label,sms
ham,affection's
ham,abraded
ham,as
ham,abbey's
ham,appurtenance's
ham,appraisal's
ham,ariz
ham,actuators
ham,antwan's
ham,airdropped
ham,admonishes
ham,ablative's
ham,abrams
ham,attic
ham,amoco
ham,anemia
ham,accommodates
ham,airbrush
ham,allover
ham,accommodation's
ham,addams
ham,amounted
ham,anesthetist
ham,agonizing
ham,axis
ham,argonaut's
ham,abbots
ham,accomplice's
ham,aurelio's
ham,abjurations
ham,amritsar
ham,aesculapius's
ham,augustest
ham,approximation
ham,amasses
ham,assassination
ham,applauds
ham,amputees
ham,affidavit
ham,apollo's
ham,automobiles
ham,accompaniments
ham,asides
ham,annoying
ham,averring
ham,absurder
ham,angara
ham,ampoules
ham,attending
ham,ahoy
ham,acupuncturist
ham,attorney's
ham,auguries
ham,arouses
ham,accorded
ham,assessor's
ham,anorak
ham,abbeys
ham,aeschylus
ham,alhambra
ham,algorithms
ham,atrociousness
ham,actualities
ham,auctioneer
ham,antigone
ham,alabaster
ham,aleppo
ham,aids
ham,alternates
ham,authoring
ham,architects
ham,asama
ham,arius's
ham,acidulous
ham,angleworm's
ham,atriums
ham,ancestress's
ham,associated
ham,anemometer
ham,alcoholics
ham,africans
ham,awakes
ham,avenger
ham,atrophying
ham,ambush's
ham,adjures
ham,andes
ham,assimilates
ham,acclimatizing
ham,abusiveness
ham,ambivalent
ham,aquavit's
ham,aggressors
ham,audit's
ham,accountability
ham,archeological
ham,averting
ham,absence's
ham,ancillary's
ham,ambassador
ham,apathy
ham,anemia's
ham,armies
ham,abracadabra's
ham,agencies
ham,abdicate
ham,aztecan's
ham,appallingly
ham,attar
ham,abby's
ham,assamese's
ham,apologies
ham,adulterer's
ham,abscissa
ham,antone
ham,advisedly
ham,akron
ham,avocados
ham,aromatics
ham,aggregation
ham,alighted
ham,aquaplane's
ham,appreciations
ham,aruba
ham,april's
ham,adjacently
ham,arraignment
ham,anaemia
ham,arbiter's
ham,aug
ham,adela
ham,adduces
ham,aegean's
ham,afro
ham,accretion's
ham,acclimatized
ham,actor
ham,audience's
ham,abyss's
ham,absorbent
ham,although
ham,asteroid
ham,achieving
ham,acrider
ham,armature's
ham,airstrips
ham,acquisitive
ham,agassi's
ham,analgesia
ham,antidepressant
ham,awakened
ham,amy
ham,ambivalence
ham,accessed
ham,agitated
ham,anachronistic
ham,agrarian
ham,automatons
ham,aurally
ham,abstainer's
ham,adjourns
ham,assemblywomen
ham,aquinas
ham,address's
ham,astrology
ham,abattoirs
ham,attenuate
ham,ainu
ham,agrarian's
ham,aquino
ham,adventurer's
ham,arboretums
ham,achilles's
ham,auditing
ham,arnold
ham,altar
ham,aspiration
ham,alcott
ham,anatolian's
ham,arbors
ham,adulterers
ham,ashcan
ham,atonality's
ham,awes
ham,airedale's
ham,abattoir's
ham,absorption
ham,adds
ham,anshan
ham,addressee
ham,allergen's
ham,avoidable
ham,aerosols
ham,aerialists
ham,annoys
ham,allotment
ham,analects
ham,appalachia
ham,arrow
ham,assess
ham,alcindor
ham,anthropoid's
ham,alumna's
ham,assimilating
ham,allusions
ham,allotments
ham,acetone's
ham,announcers
ham,adjudicator
ham,abet
ham,ambient
ham,admonished
ham,asphyxiated
ham,ancient
ham,allen
ham,aristocrats
ham,associations
ham,adrenal's
ham,arbitrator
ham,airlift's
ham,amaze
ham,afterbirths
ham,analogously
ham,anatolia
ham,attends
ham,accountants
ham,awkwardness's
ham,aberdeen
ham,aspired
ham,apportioned
ham,aged
ham,accounted
ham,americanized
ham,athletic
ham,adolescences
ham,assisted
ham,agrees
ham,avert
ham,alyson
ham,anteroom
ham,author
ham,alinement's
ham,abridging
ham,authentically
ham,analyzer
ham,affront
ham,allocation
ham,archaeologists
ham,allstate's
ham,amalia
ham,appeasing
ham,anaconda
ham,accost
ham,assured
ham,amalgamating
ham,asphyxia's
ham,afghans
ham,agape
ham,alder
ham,aimless
ham,appetite's
ham,ascertained
ham,avowal's
ham,agglomerate's
ham,approximates
ham,annabelle's
ham,acrux's
ham,apparently
ham,arguably
ham,amber's
ham,appraised
ham,accelerator
ham,a
ham,allison's
ham,antiperspirants
ham,affect
ham,agronomist's
ham,awestruck
ham,adherent
ham,affectionate
ham,amputated
ham,apparelled
ham,ad
ham,accent
ham,acquirable
ham,acme
ham,antonia
ham,autism's
ham,adopting
ham,addison
ham,archdiocese
ham,acquiescence's
ham,autumnal
ham,aug's
ham,archibald's
ham,amiability's
ham,autistic
ham,ambidextrous
ham,anchorage
ham,anticipated
ham,attain
ham,angus's
ham,assertion
ham,amperes
ham,authorship's
ham,anomalies
ham,atatürk
ham,arden
ham,altruism
ham,adventures
ham,ampule
ham,astringency's
ham,anapest
ham,acclaim
ham,anklet
ham,assailing
ham,aerosol
ham,anchor
ham,acosta
ham,aluminum's
ham,alligators
ham,agatha's
ham,abscond
ham,adapted
ham,amateurs
ham,astonishes
ham,arisen
ham,alinement
ham,adores
ham,abominably
ham,apalachicola
ham,angolans
ham,apprising
ham,armstrong's
ham,allie's
ham,absolutism
ham,appareling
ham,aerator
ham,animus
ham,allan's
ham,awash
ham,athena's
ham,anesthetized
ham,appliquéing
ham,ambush
ham,aggrandizes
ham,andiron's
ham,agglomerations
ham,acute's
ham,abodes
ham,adhesives
ham,airman's
ham,appetizer
ham,agglutination
ham,airedale
ham,attainment's
ham,aquatic
ham,assemblers
ham,anglican's
ham,aaliyah
ham,adroit
ham,alleluia's
ham,accordion's
ham,alvarez
ham,aura
ham,augmented
ham,anniversary's
ham,archetype's
ham,alexei's
ham,assert
ham,absolution
ham,accelerators
ham,abysmal
ham,adulteresses
ham,antoinette
ham,alejandro
ham,angstrom
ham,aria
ham,aggrandizing
ham,amazement
ham,attach
ham,antedated
ham,alternation's
ham,assault
ham,affirming
ham,assaulting
ham,allegory
ham,astringent's
ham,alisha
ham,akhmatova's
ham,alum's
ham,adventuress
ham,agglomerating
ham,ale's
ham,attacker's
ham,alston's
ham,attained
ham,acanthuses
ham,ambulance
ham,artsy
ham,adiabatic
ham,aisle's
ham,aridity
ham,availability's
ham,aron's
ham,attribute's
ham,ampere's
ham,analects's
ham,abolition
ham,airhead's
ham,alice's
ham,attraction
ham,avenged
ham,angularities
ham,auguring
ham,avoirdupois's
ham,allentown
ham,anthologist
ham,amicable
ham,atp's
ham,advisable
ham,argot's
ham,ancestress
ham,accurately
ham,agrippina's
ham,adder
ham,assignment's
ham,ayatollah's
ham,axiom
ham,adjectival
ham,axum
ham,antitheses
ham,affirmative
ham,abbess's
ham,attainable
ham,autograph
ham,appareled
ham,anise's
ham,agate's
ham,asturias
ham,athabasca
ham,aristocratically
ham,angus
ham,appellant
ham,amie
ham,accessions
ham,anarchically
ham,airtight
ham,amortization
ham,absorbing
ham,assortments
ham,ampere's
ham,amorphous
ham,acquiesces
ham,arcade
ham,assent's
ham,alto
ham,arable
ham,atrophy
ham,appeaser's
ham,apprentice's
ham,acclimatizes
ham,amelioration's
ham,artie's
ham,arraign
ham,aim's
ham,acceded
ham,axing
ham,avionics's
ham,accountancy's
ham,aeneas
ham,alleluias
ham,anthropology's
ham,agog
ham,accumulator
ham,anticyclone's
ham,armament
ham,acting's
ham,antiquated
ham,andirons
ham,aquaculture
ham,angela
ham,amazing
ham,aisle
ham,autographs
ham,abrasive's
ham,allot
ham,atwitter
ham,annoyance's
ham,avenging
ham,attorney
ham,achiever
ham,amphetamines
ham,anesthesiologists
ham,anons
ham,accenture
ham,annoy
ham,agenda
ham,aggravating
ham,analyzes
ham,allaying
ham,albacores
ham,aptness
ham,automate
ham,alkaloid
ham,aforethought
ham,autoworker's
ham,aspirants
ham,antiwar
ham,aeneid's
ham,arsenals
ham,agglomerates
ham,aquanaut's
ham,ancestor's
ham,ali
ham,auspiciousness's
ham,armlets
ham,archly
ham,alkalis
ham,arabians
ham,apologias
ham,australia
ham,airway
ham,anatomically
ham,andean
ham,acoustics
ham,amass
ham,atonement's
ham,ahmad
ham,ayala's
ham,aliases
ham,alamogordo's
ham,ava
ham,adumbrating
ham,amish
ham,aesop
ham,arroyo's
ham,arbitrated
ham,adenauer
ham,appendixes
ham,asseverates
ham,attention's
ham,annex
ham,armistice's
ham,aspidiske's
ham,ass's
ham,adoration's
ham,accommodating
ham,acidify
ham,axon
ham,airdrop
ham,abandoning
ham,artiste's
ham,avows
ham,antiperspirant's
ham,asparagus's
ham,aol
ham,amorphousness's
ham,atlanta's
ham,asks
ham,abysmally
ham,actives
ham,apocalypse
ham,artsiest
ham,aperitif
ham,anesthetists
ham,arraying
ham,annuity's
ham,attendant's
ham,aggressive
ham,authorized
ham,aligns
ham,accusingly
ham,adriana
ham,anesthesia's
ham,alleys
ham,agitation
ham,asp's
ham,aerobics
ham,activate
ham,apposition's
ham,appointees
ham,approximating
ham,aureomycin
ham,arminius's
ham,applying
ham,academy
ham,ann
ham,aureola's
ham,abortionist
ham,aviatrixes
ham,alcmena's
ham,avengers
ham,album
ham,announcer's
ham,abbreviation
ham,ambergris
ham,arcturus
ham,agism
ham,apprehensiveness's
ham,actuality's
ham,alisha's
ham,abort
ham,asphyxia
ham,agrippina
ham,angela's
ham,albert
ham,armenian
ham,absalom
ham,astrologer's
ham,alfresco
ham,allures
ham,awards
ham,ag
ham,awestricken
ham,alvin
ham,adulterants
ham,abuse
ham,aprils
ham,ashcan's
ham,almanac's
ham,aviator's
ham,asps
ham,analogy's
ham,abasement's
ham,antennas
ham,archangel's
ham,addend
ham,affords
ham,archer
ham,animate
ham,adverted
ham,avian
ham,alcuin
ham,assemblage
ham,alters
ham,anachronism's
ham,assaulter
ham,atropos
ham,accumulated
ham,alexandra
ham,apathetically
ham,augury
ham,abridgement's
ham,apathetic
ham,alabamians
ham,asama's
ham,avatar's
ham,annexation's
ham,awfuller
ham,alberio
ham,absurdity's
ham,abnormalities
ham,adjoin
ham,antiquaries
ham,adjustments
ham,almost
ham,appositeness
ham,alta
ham,anti
ham,aerobic
ham,angora
ham,asceticism
ham,abalones
ham,author's
ham,artifice's
ham,assails
ham,airlifted
ham,automation
ham,ashtray's
ham,arithmetic
ham,alloyed
ham,ahriman
ham,articulated
ham,allocating
ham,annul
ham,appealed
ham,anglia
ham,await
ham,anxiety
ham,antigen's
ham,angling's
ham,algonquin
ham,abhors
ham,auditory
ham,acquitted
ham,antipathy's
ham,aftertaste
ham,appetizers
ham,andersen's
ham,assumption's
ham,arsenic
ham,aeneid
ham,auxiliary
ham,axons
ham,absenteeism's
ham,analgesic
ham,assyrians
ham,aileen's
ham,advisor
ham,abraham
ham,anchoring
ham,ageless
ham,addicting
ham,arno's
ham,arise
ham,assurance's
ham,adder's
ham,appropriate
ham,armpit
ham,abdul's
ham,acquaintance
ham,alternately
ham,araucanian
ham,anklet's
ham,anthers
ham,agnosticism's
ham,arline's
ham,abortive
ham,autonomy
ham,ambiguously
ham,aerator's
ham,apocalypses
ham,amnesties
ham,ascensions
ham,ahmed's
ham,abuzz
ham,amours
ham,astrologer
ham,americanisms
ham,ancientest
ham,ablatives
ham,adapts
ham,ales
ham,apple's
ham,apse
ham,altruists
ham,alternations
ham,ashkenazim
ham,ajax
ham,apple's
ham,andromeda's
ham,amusements
ham,aging
ham,anagram's
ham,al's
ham,adeline's
ham,airfoil's
ham,armada's
ham,abolitionist's
ham,asshole
ham,adjusted
ham,addressable
ham,acceleration's
ham,ashanti
ham,alligator's
ham,accolade's
ham,aliening
ham,accidental's
ham,aquanauts
ham,adaptations
ham,abrupt
ham,accompaniment
ham,activated
ham,antelope's
ham,arguable
ham,armour
ham,android's
ham,alumnus
ham,almohad's
ham,aqueduct
ham,adepts
ham,amply
ham,approval
ham,a's
ham,arkwright
ham,appendicitis's
ham,adult
ham,auctioned
ham,adage's
ham,assays
ham,argus
ham,adirondack's
ham,antiques
ham,avoidance's
ham,artier
ham,abscess
ham,angers
ham,ascription's
ham,array's
ham,appropriated
ham,ancienter
ham,anoint
ham,australasia's
ham,allspice
ham,abroad
ham,armrest
ham,adagio
ham,achievement
ham,attacked
ham,anarchy
ham,avalon
ham,adjustment's
ham,adulterates
ham,aristocrat
ham,admirers
ham,arthritic
ham,aerates
ham,arising
ham,assents
ham,anchors
ham,acronym
ham,algenib's
ham,alchemist's
ham,affable
ham,armory's
ham,achebe
ham,admonitory
ham,armada
ham,adulated
ham,airway's
ham,atelier
ham,archibald
ham,austria
ham,azalea's
ham,astonishment
ham,assignable
ham,accident's
ham,airplane's
ham,adorable
ham,abounds
ham,appellation
ham,assassins
ham,assemblage's
ham,ally's
ham,adrienne
ham,acutely
ham,arena's
ham,anthologize
ham,assemblages
ham,arturo
ham,amuses
ham,aneurism
ham,anointing
ham,appalls
ham,aerobatics's
ham,auctioneers
ham,anythings
ham,airships
ham,attaining
ham,androids
ham,adjudicators
ham,albeit
ham,ascribing
ham,area
ham,absences
ham,amputations
ham,antarctica
ham,aspersion's
ham,andrei's
ham,antedating
ham,atoned
ham,airworthiest
ham,absurdities
ham,apologized
ham,applause's
ham,acceptance's
ham,aberrations
ham,amaterasu
ham,animatedly
ham,authorizing
ham,ants
ham,asphyxiation
ham,accomplice
ham,ablution's
ham,autocrats
ham,adjunct
ham,arranged
ham,ankh's
ham,atonality
ham,allegheny
ham,alliance's
ham,adjectives
ham,antagonistic
ham,advocate's
ham,accursed
ham,astarte
ham,audition
ham,applauded
ham,advisory
ham,artistes
ham,alcestis
ham,alabamian's
ham,asked
ham,alaskan's
ham,accidentals
ham,antics
ham,avuncular
ham,akkad
ham,acanthi
ham,annulment
ham,adjournment
ham,abstractedly
ham,adjuster
ham,autumn's
ham,apes
ham,asp
ham,avariciously
ham,anticipatory
ham,abacuses
ham,appleton
ham,angelita
ham,accommodations
ham,abuja
ham,antipasto's
ham,antilles's
ham,arbitration
ham,accordance's
ham,albuquerque's
ham,abdicating
ham,abstained
ham,amos
ham,arc
ham,armagnac
ham,accessible
ham,aspen
ham,anguished
ham,animist's
ham,albacore's
ham,amulets
ham,anneals
ham,acetylene's
ham,almond
ham,anything
ham,aquafresh's
ham,altercation's
ham,abuser's
ham,achievement's
ham,applications
ham,arresting
ham,adidas
ham,aesthetic
ham,arneb
ham,amplification's
ham,adversity
ham,aristophanes
ham,alistair's
ham,amusement's
ham,ambiguous
ham,aureolas
ham,acclaim's
ham,afghan's
ham,argosy
ham,assuage
ham,alines
ham,andiron
ham,artificiality's
ham,ailments
ham,acth's
ham,afford
ham,acne
ham,amerind's
ham,appositive
ham,addictive
ham,altars
ham,albany
ham,ampul
ham,addle
ham,antibiotics
ham,authority
ham,aggravate
ham,associative
ham,accountant
ham,artistry's
ham,antiquity's
ham,advancing
ham,agriculturalist
ham,amperage's
ham,atropos's
ham,aggravated
ham,astringent
ham,aversion's
ham,airfare
ham,achaean's
ham,ascetic
ham,abrogation
ham,abused
ham,authorities
ham,antagonize
ham,accouterments's
ham,adirondack
ham,aniakchak
ham,addicted
ham,alchemy
ham,amplitude
ham,atlas's
ham,aeronautics's
ham,ammeters
ham,automating
ham,android
spam,millepede's
spam,moisturizers
spam,molester's
spam,miscalculation
spam,mazola
spam,mahler
spam,maintain
spam,morose
spam,modernistic
spam,mug
spam,multiplication's
spam,memento
spam,maven
spam,mangle
spam,meantime
spam,mitterrand
spam,molecule
spam,mounting
spam,murmansk
spam,ministries
spam,momentousness's
spam,mange
spam,muskogee
spam,miscasts
spam,martinet
spam,mockingly
spam,mispronunciation
spam,mince's
spam,musk's
spam,misplaces
spam,maisie
spam,meters
spam,montenegro
spam,masturbate
spam,maddest
spam,malian
spam,mendicants
spam,miller
spam,mandolin
spam,malady
spam,milepost
spam,moleskin
spam,moonbeam's
spam,merriment's
spam,meatball's
spam,meteoroid's
spam,memento's
spam,maharanees
spam,mouth
spam,mortgagees
spam,midwest
spam,mortally
spam,minamoto
spam,mainstreamed
spam,multifaceted
spam,manifestos
spam,meaner
spam,mindless
spam,magnets
spam,manually
spam,missals
spam,manse
spam,michelson
spam,meteorites
spam,minefield
spam,malignancies
spam,melendez's
spam,maneuverability
spam,mortared
spam,minicams
spam,mildew's
spam,missy
spam,misconstrues
spam,mick's
spam,male
spam,mill
spam,mimi
spam,ministry
spam,microchip's
spam,mysterious
spam,meet
spam,marine's
spam,minnie's
spam,mandible's
spam,minnesotan
spam,morphemes
spam,mote
spam,menominee's
spam,microphone
spam,mastering
spam,multimillionaires
spam,mudguards
spam,mannikins
spam,maxine
spam,mispronunciations
spam,multitude
spam,misconstrue
spam,modelled
spam,marguerite's
spam,moratoria
spam,mike
spam,medusa
spam,monsoon
spam,maturest
spam,martyred
spam,miser
spam,muddying
spam,muse's
spam,mortgagee's
spam,memphis's
spam,multilingual
spam,massed
spam,motorized
spam,minnelli
spam,marshaling
spam,moochers
spam,ministers
spam,microprocessor's
spam,masquerading
spam,math
spam,miscreant's
spam,megalith's
spam,mcguffey
spam,moor's
spam,maces
spam,montpelier
spam,mitering
spam,mozambican
spam,midriff
spam,moloch's
spam,mincemeat's
spam,minimal
spam,microscopy's
spam,mashhad's
spam,micheal
spam,mantra
spam,milkier
spam,machismo
spam,misanthropes
spam,mo
spam,meagan's
spam,midstream
spam,monty's
spam,mapplethorpe
spam,marriage's
spam,miscalling
spam,monarchic
spam,maribel's
spam,misalliance's
spam,mommy
spam,morita
spam,moorish's
spam,mexican
spam,mutely
spam,malinowski
spam,marisa's
spam,minuteness's
spam,macdonald
spam,mestizo
spam,matriculating
spam,menfolk
spam,meowed
spam,meadow's
spam,ministrants
spam,minerva
spam,moldova's
spam,malnutrition
spam,metamucil's
spam,mario's
spam,merak
spam,martens
spam,menses
spam,moonshot
spam,mariachi's
spam,metal
spam,midday
spam,mechanization
spam,ministration's
spam,meditating
spam,mcguire's
spam,multipurpose
spam,marisa
spam,mackenzie's
spam,misinforming
spam,mammon's
spam,massing
spam,monarchists
spam,miscounting
spam,municipality
spam,meanwhile's
spam,mocking
spam,mnemonic
spam,mandatory
spam,measures
spam,munch
spam,midtown's
spam,microwaving
spam,mrs
spam,memorized
spam,maledictions
spam,moldered
spam,mallows
spam,marvin
spam,musculature
spam,merrill
spam,moorings
spam,mizzenmast's
spam,melancholic
spam,modestly
spam,masturbation's
spam,mood
spam,mattresses
spam,mushing
spam,manics
spam,melodies
spam,mortice's
spam,mozambique
spam,moldy
spam,markedly
spam,mimicry
spam,minuets
spam,matrimonial
spam,marbling's
spam,marquee
spam,medicates
spam,middies
spam,mariners
spam,munching
spam,mammas
spam,moorish
spam,misanthropist's
spam,masts
spam,menkent's
spam,moderated
spam,maidenhair's
spam,matilda
spam,malay
spam,meander
spam,mumbler's
spam,may's
spam,muster's
spam,mnemosyne
spam,marseilles
spam,marxist's
spam,mads
spam,mercenary's
spam,mcintyre's
spam,moats
spam,mcneil
spam,monsanto
spam,ma's
spam,mcmahon
spam,masseur's
spam,motherboard's
spam,mambo
spam,mongolism's
spam,mowgli's
spam,melisa
spam,mumps
spam,montoya's
spam,mussorgsky
spam,mennonites
spam,marsh
spam,methuselah
spam,mob's
spam,mahabharata's
spam,mils
spam,merthiolate's
spam,market's
spam,manses
spam,mugging
spam,menstruate
spam,medium's
spam,mourn
spam,misogyny's
spam,mainframe's
spam,monomaniac's
spam,mesabi
spam,mouthing
spam,makeup
spam,miscellanies
spam,marie
spam,maximizing
spam,meditation's
spam,madagascan
spam,maladies
spam,missions
spam,mutated
spam,marshiest
spam,mavericks
spam,mummery
spam,mailed
spam,mobbing
spam,marinading
spam,midsummer
spam,monotone
spam,makes
spam,marshalled
spam,married's
spam,manufacturer's
spam,moocher
spam,mainly
spam,mustard
spam,merrymaking's
spam,masculines
spam,misspelled
spam,maintaining
spam,meter
spam,magistrates
spam,munificence's
spam,missourian
spam,machiavelli
spam,momma
spam,moravian
spam,marx
spam,mckay
spam,mumford
spam,modernists
spam,malta's
spam,malaysian
spam,mulligan
spam,movement's
spam,madcaps
spam,meddler
spam,mohammed
spam,monarchy
spam,mistake
spam,monotony
spam,micmac
spam,mitterrand's
spam,menus
spam,methodologies
spam,muscovite
spam,microphone's
spam,middy's
spam,megaton's
spam,milky
spam,machination's
spam,marching
spam,mom's
spam,masterworks
spam,midwifes
spam,métiers
spam,montoya
spam,meadowlark
spam,michelangelo
spam,mortised
spam,mainsails
spam,mastodon
spam,metaphysics's
spam,mordants
spam,misdirects
spam,majoring
spam,marriageable
spam,majesty
spam,meanwhile
spam,manicurist
spam,mailing's
spam,millicent's
spam,mimeograph
spam,mussier
spam,microfiches
spam,mistier
spam,mcclure
spam,moreno
spam,merrick
spam,menage's
spam,molars
spam,milligram
spam,mummies
spam,mugger's
spam,manifold's
spam,monique
spam,misappropriating
spam,mannerism
spam,mesquites
spam,merino
spam,mustiness's
spam,mapper
spam,medicaids
spam,maoists
spam,macleish
spam,mcleod's
spam,maoisms
spam,mademoiselles
spam,missourian's
spam,moslem
spam,matador's
spam,milestone
spam,marjory
spam,main
spam,mismanaged
spam,matchbook
spam,matricide
spam,monotheism
spam,misprint's
spam,mohammad
spam,milieu
spam,macias
spam,mullion's
spam,macedon's
spam,marries
spam,macintosh's
spam,masseurs
spam,microsecond's
spam,mania's
spam,muhammadanism's
spam,melons
spam,mommas
spam,mains
spam,muhammadan's
spam,mismatch
spam,mudslinger
spam,marquetry's
spam,moratorium
spam,mends
spam,manama's
spam,mondays
spam,magician
spam,mothers
spam,mandrell's
spam,mccartney
spam,memorizes
spam,maxed
spam,mortality
spam,metabolic
spam,medals
spam,moonshot's
spam,mascaras
spam,miserable
spam,molehill's
spam,masai
spam,many's
spam,migrates
spam,malted
spam,multivitamin
spam,minored
spam,man's
spam,murders
spam,monarchies
spam,misprinted
spam,modifiers
spam,mantissa
spam,mesmerize
spam,miscarries
spam,mclaughlin's
spam,misusing
spam,manning
spam,miracle's
spam,moccasin
spam,minnie
spam,mantis
spam,maintainable
spam,minolta
spam,mil's
spam,macedonia
spam,mayday's
spam,monstrosity
spam,mauve's
spam,malted's
spam,mississippi
spam,milk's
spam,megabyte's
spam,mosul
spam,maharajah
spam,murrow
spam,monastic's
spam,mounding
spam,morgues
spam,meek
spam,memorializing
spam,mirroring
spam,misadventure
spam,milkshake
spam,mesa
spam,mcluhan's
spam,miscellany's
spam,maserati
spam,myspace's
spam,maserati's
spam,morays
spam,macho's
spam,monosyllabic
spam,masefield
spam,matchmakers
spam,mahfouz
spam,marshes
spam,madras
spam,miscellany
spam,menthol
spam,mikes
spam,mysteries
spam,maddening
spam,maxilla
spam,misstatement
spam,meteoroids
spam,monitor's
spam,museum
spam,marquez
spam,motorola's
spam,mooching
spam,miocene's
spam,muscat
spam,maori
spam,macbride's
spam,mainstay's
spam,misquoted
spam,masada's
spam,mahayanist
spam,meaningful
spam,minutest
spam,maxim
spam,manger
spam,modules
spam,mohammedanism
spam,modesty's
spam,mellowness's
spam,majority's
spam,myrtles
spam,miscalls
spam,maraca's
spam,merge
spam,motorboats
spam,mules
spam,murrumbidgee
spam,moll's
spam,misfortunes
spam,mobile's
spam,marxism's
spam,mudguard's
spam,madness
spam,monera
spam,monsignori
spam,mauritius
spam,misunderstanding
spam,monastery
spam,mbini's
spam,maidenly
spam,mate's
spam,marmot's
spam,misguiding
spam,mainmast
spam,monopolists
spam,membership's
spam,madly
spam,mount
spam,motion
spam,maxillas
spam,miscounts
spam,miniscules
spam,myrrh
spam,malthus's
spam,man
spam,molecules
spam,marlon
spam,milligrams
spam,monument's
spam,muffles
spam,masticating
spam,mas
spam,marie's
spam,mourns
spam,mantilla's
spam,manipulative
spam,microorganism
spam,meandering
spam,materialization's
spam,marvel's
spam,maidenhood
spam,mestizo's
spam,macrobiotics
spam,memorization's
spam,methodism's
spam,midmost
spam,mar
spam,minesweeper's
spam,mellowest
spam,mastercard
spam,mutuality's
spam,metro
spam,motherboards
spam,mozart's
spam,mockeries
spam,monthlies
spam,mooned
spam,mistrial's
spam,mannequins
spam,mobilization
spam,megahertz's
spam,malibu's
spam,moronic
spam,mannikin's
spam,muscles
spam,meteorologist
spam,montaigne
spam,mountebanks
spam,mossiest
spam,meridian's
spam,milkmaid's
spam,mbini
spam,motives
spam,motorway
spam,mitsubishi's
spam,mediating
spam,malefactors
spam,meighen's
spam,miles
spam,menses's
spam,moor's
spam,massage's
spam,mutilates
spam,mythologist's
spam,meeting
spam,manager's
spam,martha
spam,mechanic
spam,metallica's
spam,migraines
spam,mckinney
spam,mimosas
spam,medicate
spam,moonlight
spam,manageability's
spam,muscovy's
spam,mcclain
spam,midday's
spam,macumba
spam,milkshake's
spam,manuel's
spam,muzzled
spam,martian
spam,maxillary
spam,microfilmed
spam,megan
spam,mobutu
spam,masque
spam,magnetizes
spam,mammon's
spam,marius
spam,motleys
spam,marjorie's
spam,marquita's
spam,minuend
spam,multimillionaire
spam,meadows
spam,moneybags
spam,mows
spam,mononucleosis
spam,mantes
spam,marzipan's
spam,muumuu
spam,marquise's
spam,merriness
spam,md
spam,mintaka's
spam,martinique
spam,miscues
spam,manila
spam,maximum
spam,minstrel's
spam,macao
spam,megs
spam,membrane's
spam,minstrel
spam,muse
spam,marathi's
spam,mailbox
spam,moneybag
spam,motivator's
spam,maimonides
spam,marduk's
spam,maoism's
spam,matriculation
spam,methodology's
spam,maneuvering
spam,mccain's
spam,marquess's
spam,muleteer
spam,moluccas
spam,marketability
spam,mumbai's
spam,marmara
spam,millet's
spam,monstrous
spam,miserliness's
spam,mascaraed
spam,mollusc
spam,markdown
spam,manifolded
spam,menagerie's
spam,mercurial
spam,malingerer's
spam,mcdowell
spam,minority's
spam,medium
spam,mockingbirds
spam,mainline's
spam,minutiae
spam,maillol
spam,molly
spam,mutation's
spam,mare's
spam,mortarboard
spam,molesters
spam,mind's
spam,masochistic
spam,murderess
spam,miscarriage
spam,myrna
spam,margrethe
spam,moppets
spam,mouse
spam,mamie
spam,morris
spam,mausoleum
spam,muftis
spam,mummification's
spam,maiming
spam,middy
spam,merino's
spam,majestically
spam,memorably
spam,molder's
spam,millipede
spam,meighen
spam,menfolk's
spam,midsummer's
spam,mongrel
spam,mare
spam,mixer
spam,madam
spam,materialism's
spam,misnomer
spam,moonshots
spam,maratha's
spam,machines
spam,mainstream
spam,mercerizing
spam,massacred
spam,misfeasance's
spam,magi
spam,memorandums
spam,mourning's
spam,muting
spam,motto
spam,marconi
spam,murky
spam,mortise
spam,morsels
spam,morbidly
spam,mantelpieces
spam,mildews
spam,misgoverning
spam,muddiest
spam,mann
spam,magellan
spam,meltdown's
spam,morgan's
spam,misogynistic
spam,mendelssohn
spam,methadone
spam,musicianship's
spam,midges
spam,marion's
spam,meatiest
spam,morons
spam,melinda
spam,mantle
spam,militants
spam,mitch's
spam,motormouths
spam,matchmaking
spam,misplaying
spam,motivating
spam,minced
spam,masquerader
spam,manx
spam,martinique's
spam,mole
spam,meddle
spam,misses
spam,mixtec
spam,martel
spam,metronome's
spam,mutates
spam,monitoring
spam,marketing's
spam,marquetry
spam,mewing
spam,minutia's
spam,molehill
spam,musicology's
spam,monk's
spam,mouthed
spam,mien
spam,meres
spam,monterrey
spam,melanin
spam,meow's
spam,metro's
spam,miniaturist
spam,meridians
spam,milder
spam,mocha
spam,multiplier
spam,maggie
spam,mary
spam,moratoriums
spam,misogynist's
spam,meritorious
spam,mates
spam,musicale
spam,massey
spam,monetarily
spam,mormon's
spam,mickey
spam,mahavira's
spam,mainstay
spam,my
spam,mesh
spam,markab
spam,mayans
spam,morrows
spam,moire's
spam,maladroit
spam,motorbike's
spam,muff's
spam,murmur
spam,miscast
spam,moistest
spam,miked
spam,meteorite's
spam,millisecond's
spam,maelstrom
spam,marc
spam,midget's
spam,marihuana
spam,multicolored
spam,mfume's
spam,magisterially
spam,michiganders
spam,malevolence
spam,misinformed
spam,mothball's
spam,marisol's
spam,marksmen
spam,malefactor's
spam,midwest's
spam,mimes
spam,mantillas
spam,molded
spam,minimizing
spam,mutes
spam,memorabilia
spam,manholes
spam,monroe's
spam,mate
spam,murkily
spam,moseys
spam,mealtime's
spam,moray's
spam,maddox
spam,minimalism
spam,manures
spam,minx's
spam,machination
spam,maiman's
spam,mastodons
spam,millipede's
spam,manacling
spam,module's
spam,magnificent
spam,montanan
spam,mismanaging
spam,mop's
spam,muskiness's
spam,mermaids
spam,middlebrow's
spam,megacycles
spam,monitor
spam,mastery's
spam,manatee's
spam,machinations
spam,matured
spam,myles
spam,mingled
spam,midweek
spam,markup
spam,misconceiving
spam,magneto's
spam,marty's
spam,marksman's
spam,mercenary
spam,metastasize
spam,mobster
spam,milieus
spam,marcelo's
spam,mature
spam,mercilessly
spam,misappropriations
spam,miniskirt
spam,max's
spam,munich's
spam,mother
spam,mr's
spam,muscovy
spam,mulling
spam,matadors
spam,moccasin's
spam,makarios's
spam,monolith's
spam,male's
spam,medications
spam,marvelling
spam,magnet
spam,making's
spam,mace's
spam,minuit
spam,muskiness
spam,majors
spam,mutable
spam,maneuverable
spam,marxist
spam,metastasizing
spam,misgovern
spam,mri's
spam,madwoman's
spam,mouthwash
spam,montpelier's
spam,mukluk's
spam,machinist
spam,midway
spam,madrid
spam,mousetrap
spam,mullet
spam,menhadens
spam,milford's
spam,mandrill's
spam,montgolfier
spam,mantels
spam,magnificence's
spam,mispronounced
spam,moped
spam,munched
spam,milers
spam,manager
spam,maids
spam,micheal's
spam,marduk
spam,molehills
spam,marking's
spam,mullets
spam,mischievous
spam,memphis
spam,meagerly
spam,mistakes
spam,mitigation's
spam,mitigate
spam,microeconomics's
spam,madison
spam,mistrusted
spam,misfit's
spam,mcqueen's
spam,madrases
spam,mêlée's
spam,mack
spam,matchbook's
spam,mongoloid
spam,mia's
spam,missal
spam,maligning
spam,muscat's
spam,misinterpretation's
spam,matrixes
spam,mutineer's
spam,mutilated
spam,manual's
spam,mamore's
spam,multivitamin's
spam,muhammad's
spam,measuring
spam,maid
spam,microscopic
spam,miscounted
spam,minibuses
spam,martin's
spam,madwomen
spam,murdering
spam,misinterpretation
spam,mimic
spam,meg
spam,many
spam,meuse's
spam,madeira
spam,mullen
spam,marines
spam,manicurist's
spam,mops
spam,miniseries's
spam,misbehaving
